username,password
user1,user1
user2,user2
user3,user3
user4,user4
user5,user5
user6,user6
user7,user7
user8,user8
user9,user9
user10,user10
user11,user11
user12,user12
user13,user13
user14,user14
user15,user15
user16,user16
user17,user17
user18,user18
user19,user19
user20,user20
user21,user21
user22,user22
user23,user23
user24,user24
user25,user25
user26,user26
user27,user27
user28,user28
user29,user29
user30,user30
user31,user31
user32,user32
user33,user33
user34,user34
user35,user35
user36,user36
user37,user37
user38,user38
user39,user39
user40,user40
user41,user41
user42,user42
user43,user43
user44,user44
user45,user45
user46,user46
user47,user47
user48,user48
user49,user49
user50,user50
user51,user51
user52,user52
user53,user53
user54,user54
user55,user55
user56,user56
user57,user57
user58,user58
user59,user59
user60,user60
user61,user61
user62,user62
user63,user63
user64,user64
user65,user65
user66,user66
user67,user67
user68,user68
user69,user69
user70,user70
user71,user71
user72,user72
user73,user73
user74,user74
user75,user75
user76,user76
user77,user77
user78,user78
user79,user79
user80,user80
user81,user81
user82,user82
user83,user83
user84,user84
user85,user85
user86,user86
user87,user87
user88,user88
user89,user89
user90,user90
user91,user91
user92,user92
user93,user93
user94,user94
user95,user95
user96,user96
user97,user97
user98,user98
user99,user99
user100,user100
user101,user101
user102,user102
user103,user103
user104,user104
user105,user105
user106,user106
user107,user107
user108,user108
user109,user109
user110,user110
user111,user111
user112,user112
user113,user113
user114,user114
user115,user115
user116,user116
user117,user117
user118,user118
user119,user119
user120,user120
user121,user121
user122,user122
user123,user123
user124,user124
user125,user125
user126,user126
user127,user127
user128,user128
user129,user129
user130,user130
user131,user131
user132,user132
user133,user133
user134,user134
user135,user135
user136,user136
user137,user137
user138,user138
user139,user139
user140,user140
user141,user141
user142,user142
user143,user143
user144,user144
user145,user145
user146,user146
user147,user147
user148,user148
user149,user149
user150,user150
user151,user151
user152,user152
user153,user153
user154,user154
user155,user155
user156,user156
user157,user157
user158,user158
user159,user159
user160,user160
user161,user161
user162,user162
user163,user163
user164,user164
user165,user165
user166,user166
user167,user167
user168,user168
user169,user169
user170,user170
user171,user171
user172,user172
user173,user173
user174,user174
user175,user175
user176,user176
user177,user177
user178,user178
user179,user179
user180,user180
user181,user181
user182,user182
user183,user183
user184,user184
user185,user185
user186,user186
user187,user187
user188,user188
user189,user189
user190,user190
user191,user191
user192,user192
user193,user193
user194,user194
user195,user195
user196,user196
user197,user197
user198,user198
user199,user199
user200,user200
user201,user201
user202,user202
user203,user203
user204,user204
user205,user205
user206,user206
user207,user207
user208,user208
user209,user209
user210,user210
user211,user211
user212,user212
user213,user213
user214,user214
user215,user215
user216,user216
user217,user217
user218,user218
user219,user219
user220,user220
user221,user221
user222,user222
user223,user223
user224,user224
user225,user225
user226,user226
user227,user227
user228,user228
user229,user229
user230,user230
user231,user231
user232,user232
user233,user233
user234,user234
user235,user235
user236,user236
user237,user237
user238,user238
user239,user239
user240,user240
user241,user241
user242,user242
user243,user243
user244,user244
user245,user245
user246,user246
user247,user247
user248,user248
user249,user249
user250,user250
user251,user251
user252,user252
user253,user253
user254,user254
user255,user255
user256,user256
user257,user257
user258,user258
user259,user259
user260,user260
user261,user261
user262,user262
user263,user263
user264,user264
user265,user265
user266,user266
user267,user267
user268,user268
user269,user269
user270,user270
user271,user271
user272,user272
user273,user273
user274,user274
user275,user275
user276,user276
user277,user277
user278,user278
user279,user279
user280,user280
user281,user281
user282,user282
user283,user283
user284,user284
user285,user285
user286,user286
user287,user287
user288,user288
user289,user289
user290,user290
user291,user291
user292,user292
user293,user293
user294,user294
user295,user295
user296,user296
user297,user297
user298,user298
user299,user299
user300,user300
user301,user301
user302,user302
user303,user303
user304,user304
user305,user305
user306,user306
user307,user307
user308,user308
user309,user309
user310,user310
user311,user311
user312,user312
user313,user313
user314,user314
user315,user315
user316,user316
user317,user317
user318,user318
user319,user319
user320,user320
user321,user321
user322,user322
user323,user323
user324,user324
user325,user325
user326,user326
user327,user327
user328,user328
user329,user329
user330,user330
user331,user331
user332,user332
user333,user333
user334,user334
user335,user335
user336,user336
user337,user337
user338,user338
user339,user339
user340,user340
user341,user341
user342,user342
user343,user343
user344,user344
user345,user345
user346,user346
user347,user347
user348,user348
user349,user349
user350,user350
user351,user351
user352,user352
user353,user353
user354,user354
user355,user355
user356,user356
user357,user357
user358,user358
user359,user359
user360,user360
user361,user361
user362,user362
user363,user363
user364,user364
user365,user365
user366,user366
user367,user367
user368,user368
user369,user369
user370,user370
user371,user371
user372,user372
user373,user373
user374,user374
user375,user375
user376,user376
user377,user377
user378,user378
user379,user379
user380,user380
user381,user381
user382,user382
user383,user383
user384,user384
user385,user385
user386,user386
user387,user387
user388,user388
user389,user389
user390,user390
user391,user391
user392,user392
user393,user393
user394,user394
user395,user395
user396,user396
user397,user397
user398,user398
user399,user399
user400,user400
user401,user401
user402,user402
user403,user403
user404,user404
user405,user405
user406,user406
user407,user407
user408,user408
user409,user409
user410,user410
user411,user411
user412,user412
user413,user413
user414,user414
user415,user415
user416,user416
user417,user417
user418,user418
user419,user419
user420,user420
user421,user421
user422,user422
user423,user423
user424,user424
user425,user425
user426,user426
user427,user427
user428,user428
user429,user429
user430,user430
user431,user431
user432,user432
user433,user433
user434,user434
user435,user435
user436,user436
user437,user437
user438,user438
user439,user439
user440,user440
user441,user441
user442,user442
user443,user443
user444,user444
user445,user445
user446,user446
user447,user447
user448,user448
user449,user449
user450,user450
user451,user451
user452,user452
user453,user453
user454,user454
user455,user455
user456,user456
user457,user457
user458,user458
user459,user459
user460,user460
user461,user461
user462,user462
user463,user463
user464,user464
user465,user465
user466,user466
user467,user467
user468,user468
user469,user469
user470,user470
user471,user471
user472,user472
user473,user473
user474,user474
user475,user475
user476,user476
user477,user477
user478,user478
user479,user479
user480,user480
user481,user481
user482,user482
user483,user483
user484,user484
user485,user485
user486,user486
user487,user487
user488,user488
user489,user489
user490,user490
user491,user491
user492,user492
user493,user493
user494,user494
user495,user495
user496,user496
user497,user497
user498,user498
user499,user499
user500,user500
user501,user501
user502,user502
user503,user503
user504,user504
user505,user505
user506,user506
user507,user507
user508,user508
user509,user509
user510,user510
user511,user511
user512,user512
user513,user513
user514,user514
user515,user515
user516,user516
user517,user517
user518,user518
user519,user519
user520,user520
user521,user521
user522,user522
user523,user523
user524,user524
user525,user525
user526,user526
user527,user527
user528,user528
user529,user529
user530,user530
user531,user531
user532,user532
user533,user533
user534,user534
user535,user535
user536,user536
user537,user537
user538,user538
user539,user539
user540,user540
user541,user541
user542,user542
user543,user543
user544,user544
user545,user545
user546,user546
user547,user547
user548,user548
user549,user549
user550,user550
user551,user551
user552,user552
user553,user553
user554,user554
user555,user555
user556,user556
user557,user557
user558,user558
user559,user559
user560,user560
user561,user561
user562,user562
user563,user563
user564,user564
user565,user565
user566,user566
user567,user567
user568,user568
user569,user569
user570,user570
user571,user571
user572,user572
user573,user573
user574,user574
user575,user575
user576,user576
user577,user577
user578,user578
user579,user579
user580,user580
user581,user581
user582,user582
user583,user583
user584,user584
user585,user585
user586,user586
user587,user587
user588,user588
user589,user589
user590,user590
user591,user591
user592,user592
user593,user593
user594,user594
user595,user595
user596,user596
user597,user597
user598,user598
user599,user599
user600,user600
user601,user601
user602,user602
user603,user603
user604,user604
user605,user605
user606,user606
user607,user607
user608,user608
user609,user609
user610,user610
user611,user611
user612,user612
user613,user613
user614,user614
user615,user615
user616,user616
user617,user617
user618,user618
user619,user619
user620,user620
user621,user621
user622,user622
user623,user623
user624,user624
user625,user625
user626,user626
user627,user627
user628,user628
user629,user629
user630,user630
user631,user631
user632,user632
user633,user633
user634,user634
user635,user635
user636,user636
user637,user637
user638,user638
user639,user639
user640,user640
user641,user641
user642,user642
user643,user643
user644,user644
user645,user645
user646,user646
user647,user647
user648,user648
user649,user649
user650,user650
user651,user651
user652,user652
user653,user653
user654,user654
user655,user655
user656,user656
user657,user657
user658,user658
user659,user659
user660,user660
user661,user661
user662,user662
user663,user663
user664,user664
user665,user665
user666,user666
user667,user667
user668,user668
user669,user669
user670,user670
user671,user671
user672,user672
user673,user673
user674,user674
user675,user675
user676,user676
user677,user677
user678,user678
user679,user679
user680,user680
user681,user681
user682,user682
user683,user683
user684,user684
user685,user685
user686,user686
user687,user687
user688,user688
user689,user689
user690,user690
user691,user691
user692,user692
user693,user693
user694,user694
user695,user695
user696,user696
user697,user697
user698,user698
user699,user699
user700,user700
user701,user701
user702,user702
user703,user703
user704,user704
user705,user705
user706,user706
user707,user707
user708,user708
user709,user709
user710,user710
user711,user711
user712,user712
user713,user713
user714,user714
user715,user715
user716,user716
user717,user717
user718,user718
user719,user719
user720,user720
user721,user721
user722,user722
user723,user723
user724,user724
user725,user725
user726,user726
user727,user727
user728,user728
user729,user729
user730,user730
user731,user731
user732,user732
user733,user733
user734,user734
user735,user735
user736,user736
user737,user737
user738,user738
user739,user739
user740,user740
user741,user741
user742,user742
user743,user743
user744,user744
user745,user745
user746,user746
user747,user747
user748,user748
user749,user749
user750,user750
user751,user751
user752,user752
user753,user753
user754,user754
user755,user755
user756,user756
user757,user757
user758,user758
user759,user759
user760,user760
user761,user761
user762,user762
user763,user763
user764,user764
user765,user765
user766,user766
user767,user767
user768,user768
user769,user769
user770,user770
user771,user771
user772,user772
user773,user773
user774,user774
user775,user775
user776,user776
user777,user777
user778,user778
user779,user779
user780,user780
user781,user781
user782,user782
user783,user783
user784,user784
user785,user785
user786,user786
user787,user787
user788,user788
user789,user789
user790,user790
user791,user791
user792,user792
user793,user793
user794,user794
user795,user795
user796,user796
user797,user797
user798,user798
user799,user799
user800,user800
user801,user801
user802,user802
user803,user803
user804,user804
user805,user805
user806,user806
user807,user807
user808,user808
user809,user809
user810,user810
user811,user811
user812,user812
user813,user813
user814,user814
user815,user815
user816,user816
user817,user817
user818,user818
user819,user819
user820,user820
user821,user821
user822,user822
user823,user823
user824,user824
user825,user825
user826,user826
user827,user827
user828,user828
user829,user829
user830,user830
user831,user831
user832,user832
user833,user833
user834,user834
user835,user835
user836,user836
user837,user837
user838,user838
user839,user839
user840,user840
user841,user841
user842,user842
user843,user843
user844,user844
user845,user845
user846,user846
user847,user847
user848,user848
user849,user849
user850,user850
user851,user851
user852,user852
user853,user853
user854,user854
user855,user855
user856,user856
user857,user857
user858,user858
user859,user859
user860,user860
user861,user861
user862,user862
user863,user863
user864,user864
user865,user865
user866,user866
user867,user867
user868,user868
user869,user869
user870,user870
user871,user871
user872,user872
user873,user873
user874,user874
user875,user875
user876,user876
user877,user877
user878,user878
user879,user879
user880,user880
user881,user881
user882,user882
user883,user883
user884,user884
user885,user885
user886,user886
user887,user887
user888,user888
user889,user889
user890,user890
user891,user891
user892,user892
user893,user893
user894,user894
user895,user895
user896,user896
user897,user897
user898,user898
user899,user899
user900,user900
user901,user901
user902,user902
user903,user903
user904,user904
user905,user905
user906,user906
user907,user907
user908,user908
user909,user909
user910,user910
user911,user911
user912,user912
user913,user913
user914,user914
user915,user915
user916,user916
user917,user917
user918,user918
user919,user919
user920,user920
user921,user921
user922,user922
user923,user923
user924,user924
user925,user925
user926,user926
user927,user927
user928,user928
user929,user929
user930,user930
user931,user931
user932,user932
user933,user933
user934,user934
user935,user935
user936,user936
user937,user937
user938,user938
user939,user939
user940,user940
user941,user941
user942,user942
user943,user943
user944,user944
user945,user945
user946,user946
user947,user947
user948,user948
user949,user949
user950,user950
user951,user951
user952,user952
user953,user953
user954,user954
user955,user955
user956,user956
user957,user957
user958,user958
user959,user959
user960,user960
user961,user961
user962,user962
user963,user963
user964,user964
user965,user965
user966,user966
user967,user967
user968,user968
user969,user969
user970,user970
user971,user971
user972,user972
user973,user973
user974,user974
user975,user975
user976,user976
user977,user977
user978,user978
user979,user979
user980,user980
user981,user981
user982,user982
user983,user983
user984,user984
user985,user985
user986,user986
user987,user987
user988,user988
user989,user989
user990,user990
user991,user991
user992,user992
user993,user993
user994,user994
user995,user995
user996,user996
user997,user997
user998,user998
user999,user999
user1000,user1000
user1001,user1001
user1002,user1002
user1003,user1003
user1004,user1004
user1005,user1005
user1006,user1006
user1007,user1007
user1008,user1008
user1009,user1009
user1010,user1010
user1011,user1011
user1012,user1012
user1013,user1013
user1014,user1014
user1015,user1015
user1016,user1016
user1017,user1017
user1018,user1018
user1019,user1019
user1020,user1020
user1021,user1021
user1022,user1022
user1023,user1023
user1024,user1024
user1025,user1025
user1026,user1026
user1027,user1027
user1028,user1028
user1029,user1029
user1030,user1030
user1031,user1031
user1032,user1032
user1033,user1033
user1034,user1034
user1035,user1035
user1036,user1036
user1037,user1037
user1038,user1038
user1039,user1039
user1040,user1040
user1041,user1041
user1042,user1042
user1043,user1043
user1044,user1044
user1045,user1045
user1046,user1046
user1047,user1047
user1048,user1048
user1049,user1049
user1050,user1050
user1051,user1051
user1052,user1052
user1053,user1053
user1054,user1054
user1055,user1055
user1056,user1056
user1057,user1057
user1058,user1058
user1059,user1059
user1060,user1060
user1061,user1061
user1062,user1062
user1063,user1063
user1064,user1064
user1065,user1065
user1066,user1066
user1067,user1067
user1068,user1068
user1069,user1069
user1070,user1070
user1071,user1071
user1072,user1072
user1073,user1073
user1074,user1074
user1075,user1075
user1076,user1076
user1077,user1077
user1078,user1078
user1079,user1079
user1080,user1080
user1081,user1081
user1082,user1082
user1083,user1083
user1084,user1084
user1085,user1085
user1086,user1086
user1087,user1087
user1088,user1088
user1089,user1089
user1090,user1090
user1091,user1091
user1092,user1092
user1093,user1093
user1094,user1094
user1095,user1095
user1096,user1096
user1097,user1097
user1098,user1098
user1099,user1099
user1100,user1100
user1101,user1101
user1102,user1102
user1103,user1103
user1104,user1104
user1105,user1105
user1106,user1106
user1107,user1107
user1108,user1108
user1109,user1109
user1110,user1110
user1111,user1111
user1112,user1112
user1113,user1113
user1114,user1114
user1115,user1115
user1116,user1116
user1117,user1117
user1118,user1118
user1119,user1119
user1120,user1120
user1121,user1121
user1122,user1122
user1123,user1123
user1124,user1124
user1125,user1125
user1126,user1126
user1127,user1127
user1128,user1128
user1129,user1129
user1130,user1130
user1131,user1131
user1132,user1132
user1133,user1133
user1134,user1134
user1135,user1135
user1136,user1136
user1137,user1137
user1138,user1138
user1139,user1139
user1140,user1140
user1141,user1141
user1142,user1142
user1143,user1143
user1144,user1144
user1145,user1145
user1146,user1146
user1147,user1147
user1148,user1148
user1149,user1149
user1150,user1150
user1151,user1151
user1152,user1152
user1153,user1153
user1154,user1154
user1155,user1155
user1156,user1156
user1157,user1157
user1158,user1158
user1159,user1159
user1160,user1160
user1161,user1161
user1162,user1162
user1163,user1163
user1164,user1164
user1165,user1165
user1166,user1166
user1167,user1167
user1168,user1168
user1169,user1169
user1170,user1170
user1171,user1171
user1172,user1172
user1173,user1173
user1174,user1174
user1175,user1175
user1176,user1176
user1177,user1177
user1178,user1178
user1179,user1179
user1180,user1180
user1181,user1181
user1182,user1182
user1183,user1183
user1184,user1184
user1185,user1185
user1186,user1186
user1187,user1187
user1188,user1188
user1189,user1189
user1190,user1190
user1191,user1191
user1192,user1192
user1193,user1193
user1194,user1194
user1195,user1195
user1196,user1196
user1197,user1197
user1198,user1198
user1199,user1199
user1200,user1200
user1201,user1201
user1202,user1202
user1203,user1203
user1204,user1204
user1205,user1205
user1206,user1206
user1207,user1207
user1208,user1208
user1209,user1209
user1210,user1210
user1211,user1211
user1212,user1212
user1213,user1213
user1214,user1214
user1215,user1215
user1216,user1216
user1217,user1217
user1218,user1218
user1219,user1219
user1220,user1220
user1221,user1221
user1222,user1222
user1223,user1223
user1224,user1224
user1225,user1225
user1226,user1226
user1227,user1227
user1228,user1228
user1229,user1229
user1230,user1230
user1231,user1231
user1232,user1232
user1233,user1233
user1234,user1234
user1235,user1235
user1236,user1236
user1237,user1237
user1238,user1238
user1239,user1239
user1240,user1240
user1241,user1241
user1242,user1242
user1243,user1243
user1244,user1244
user1245,user1245
user1246,user1246
user1247,user1247
user1248,user1248
user1249,user1249
user1250,user1250
user1251,user1251
user1252,user1252
user1253,user1253
user1254,user1254
user1255,user1255
user1256,user1256
user1257,user1257
user1258,user1258
user1259,user1259
user1260,user1260
user1261,user1261
user1262,user1262
user1263,user1263
user1264,user1264
user1265,user1265
user1266,user1266
user1267,user1267
user1268,user1268
user1269,user1269
user1270,user1270
user1271,user1271
user1272,user1272
user1273,user1273
user1274,user1274
user1275,user1275
user1276,user1276
user1277,user1277
user1278,user1278
user1279,user1279
user1280,user1280
user1281,user1281
user1282,user1282
user1283,user1283
user1284,user1284
user1285,user1285
user1286,user1286
user1287,user1287
user1288,user1288
user1289,user1289
user1290,user1290
user1291,user1291
user1292,user1292
user1293,user1293
user1294,user1294
user1295,user1295
user1296,user1296
user1297,user1297
user1298,user1298
user1299,user1299
user1300,user1300
user1301,user1301
user1302,user1302
user1303,user1303
user1304,user1304
user1305,user1305
user1306,user1306
user1307,user1307
user1308,user1308
user1309,user1309
user1310,user1310
user1311,user1311
user1312,user1312
user1313,user1313
user1314,user1314
user1315,user1315
user1316,user1316
user1317,user1317
user1318,user1318
user1319,user1319
user1320,user1320
user1321,user1321
user1322,user1322
user1323,user1323
user1324,user1324
user1325,user1325
user1326,user1326
user1327,user1327
user1328,user1328
user1329,user1329
user1330,user1330
user1331,user1331
user1332,user1332
user1333,user1333
user1334,user1334
user1335,user1335
user1336,user1336
user1337,user1337
user1338,user1338
user1339,user1339
user1340,user1340
user1341,user1341
user1342,user1342
user1343,user1343
user1344,user1344
user1345,user1345
user1346,user1346
user1347,user1347
user1348,user1348
user1349,user1349
user1350,user1350
user1351,user1351
user1352,user1352
user1353,user1353
user1354,user1354
user1355,user1355
user1356,user1356
user1357,user1357
user1358,user1358
user1359,user1359
user1360,user1360
user1361,user1361
user1362,user1362
user1363,user1363
user1364,user1364
user1365,user1365
user1366,user1366
user1367,user1367
user1368,user1368
user1369,user1369
user1370,user1370
user1371,user1371
user1372,user1372
user1373,user1373
user1374,user1374
user1375,user1375
user1376,user1376
user1377,user1377
user1378,user1378
user1379,user1379
user1380,user1380
user1381,user1381
user1382,user1382
user1383,user1383
user1384,user1384
user1385,user1385
user1386,user1386
user1387,user1387
user1388,user1388
user1389,user1389
user1390,user1390
user1391,user1391
user1392,user1392
user1393,user1393
user1394,user1394
user1395,user1395
user1396,user1396
user1397,user1397
user1398,user1398
user1399,user1399
user1400,user1400
user1401,user1401
user1402,user1402
user1403,user1403
user1404,user1404
user1405,user1405
user1406,user1406
user1407,user1407
user1408,user1408
user1409,user1409
user1410,user1410
user1411,user1411
user1412,user1412
user1413,user1413
user1414,user1414
user1415,user1415
user1416,user1416
user1417,user1417
user1418,user1418
user1419,user1419
user1420,user1420
user1421,user1421
user1422,user1422
user1423,user1423
user1424,user1424
user1425,user1425
user1426,user1426
user1427,user1427
user1428,user1428
user1429,user1429
user1430,user1430
user1431,user1431
user1432,user1432
user1433,user1433
user1434,user1434
user1435,user1435
user1436,user1436
user1437,user1437
user1438,user1438
user1439,user1439
user1440,user1440
user1441,user1441
user1442,user1442
user1443,user1443
user1444,user1444
user1445,user1445
user1446,user1446
user1447,user1447
user1448,user1448
user1449,user1449
user1450,user1450
user1451,user1451
user1452,user1452
user1453,user1453
user1454,user1454
user1455,user1455
user1456,user1456
user1457,user1457
user1458,user1458
user1459,user1459
user1460,user1460
user1461,user1461
user1462,user1462
user1463,user1463
user1464,user1464
user1465,user1465
user1466,user1466
user1467,user1467
user1468,user1468
user1469,user1469
user1470,user1470
user1471,user1471
user1472,user1472
user1473,user1473
user1474,user1474
user1475,user1475
user1476,user1476
user1477,user1477
user1478,user1478
user1479,user1479
user1480,user1480
user1481,user1481
user1482,user1482
user1483,user1483
user1484,user1484
user1485,user1485
user1486,user1486
user1487,user1487
user1488,user1488
user1489,user1489
user1490,user1490
user1491,user1491
user1492,user1492
user1493,user1493
user1494,user1494
user1495,user1495
user1496,user1496
user1497,user1497
user1498,user1498
user1499,user1499
user1500,user1500
user1501,user1501
user1502,user1502
user1503,user1503
user1504,user1504
user1505,user1505
user1506,user1506
user1507,user1507
user1508,user1508
user1509,user1509
user1510,user1510
user1511,user1511
user1512,user1512
user1513,user1513
user1514,user1514
user1515,user1515
user1516,user1516
user1517,user1517
user1518,user1518
user1519,user1519
user1520,user1520
user1521,user1521
user1522,user1522
user1523,user1523
user1524,user1524
user1525,user1525
user1526,user1526
user1527,user1527
user1528,user1528
user1529,user1529
user1530,user1530
user1531,user1531
user1532,user1532
user1533,user1533
user1534,user1534
user1535,user1535
user1536,user1536
user1537,user1537
user1538,user1538
user1539,user1539
user1540,user1540
user1541,user1541
user1542,user1542
user1543,user1543
user1544,user1544
user1545,user1545
user1546,user1546
user1547,user1547
user1548,user1548
user1549,user1549
user1550,user1550
user1551,user1551
user1552,user1552
user1553,user1553
user1554,user1554
user1555,user1555
user1556,user1556
user1557,user1557
user1558,user1558
user1559,user1559
user1560,user1560
user1561,user1561
user1562,user1562
user1563,user1563
user1564,user1564
user1565,user1565
user1566,user1566
user1567,user1567
user1568,user1568
user1569,user1569
user1570,user1570
user1571,user1571
user1572,user1572
user1573,user1573
user1574,user1574
user1575,user1575
user1576,user1576
user1577,user1577
user1578,user1578
user1579,user1579
user1580,user1580
user1581,user1581
user1582,user1582
user1583,user1583
user1584,user1584
user1585,user1585
user1586,user1586
user1587,user1587
user1588,user1588
user1589,user1589
user1590,user1590
user1591,user1591
user1592,user1592
user1593,user1593
user1594,user1594
user1595,user1595
user1596,user1596
user1597,user1597
user1598,user1598
user1599,user1599
user1600,user1600
user1601,user1601
user1602,user1602
user1603,user1603
user1604,user1604
user1605,user1605
user1606,user1606
user1607,user1607
user1608,user1608
user1609,user1609
user1610,user1610
user1611,user1611
user1612,user1612
user1613,user1613
user1614,user1614
user1615,user1615
user1616,user1616
user1617,user1617
user1618,user1618
user1619,user1619
user1620,user1620
user1621,user1621
user1622,user1622
user1623,user1623
user1624,user1624
user1625,user1625
user1626,user1626
user1627,user1627
user1628,user1628
user1629,user1629
user1630,user1630
user1631,user1631
user1632,user1632
user1633,user1633
user1634,user1634
user1635,user1635
user1636,user1636
user1637,user1637
user1638,user1638
user1639,user1639
user1640,user1640
user1641,user1641
user1642,user1642
user1643,user1643
user1644,user1644
user1645,user1645
user1646,user1646
user1647,user1647
user1648,user1648
user1649,user1649
user1650,user1650
user1651,user1651
user1652,user1652
user1653,user1653
user1654,user1654
user1655,user1655
user1656,user1656
user1657,user1657
user1658,user1658
user1659,user1659
user1660,user1660
user1661,user1661
user1662,user1662
user1663,user1663
user1664,user1664
user1665,user1665
user1666,user1666
user1667,user1667
user1668,user1668
user1669,user1669
user1670,user1670
user1671,user1671
user1672,user1672
user1673,user1673
user1674,user1674
user1675,user1675
user1676,user1676
user1677,user1677
user1678,user1678
user1679,user1679
user1680,user1680
user1681,user1681
user1682,user1682
user1683,user1683
user1684,user1684
user1685,user1685
user1686,user1686
user1687,user1687
user1688,user1688
user1689,user1689
user1690,user1690
user1691,user1691
user1692,user1692
user1693,user1693
user1694,user1694
user1695,user1695
user1696,user1696
user1697,user1697
user1698,user1698
user1699,user1699
user1700,user1700
user1701,user1701
user1702,user1702
user1703,user1703
user1704,user1704
user1705,user1705
user1706,user1706
user1707,user1707
user1708,user1708
user1709,user1709
user1710,user1710
user1711,user1711
user1712,user1712
user1713,user1713
user1714,user1714
user1715,user1715
user1716,user1716
user1717,user1717
user1718,user1718
user1719,user1719
user1720,user1720
user1721,user1721
user1722,user1722
user1723,user1723
user1724,user1724
user1725,user1725
user1726,user1726
user1727,user1727
user1728,user1728
user1729,user1729
user1730,user1730
user1731,user1731
user1732,user1732
user1733,user1733
user1734,user1734
user1735,user1735
user1736,user1736
user1737,user1737
user1738,user1738
user1739,user1739
user1740,user1740
user1741,user1741
user1742,user1742
user1743,user1743
user1744,user1744
user1745,user1745
user1746,user1746
user1747,user1747
user1748,user1748
user1749,user1749
user1750,user1750
user1751,user1751
user1752,user1752
user1753,user1753
user1754,user1754
user1755,user1755
user1756,user1756
user1757,user1757
user1758,user1758
user1759,user1759
user1760,user1760
user1761,user1761
user1762,user1762
user1763,user1763
user1764,user1764
user1765,user1765
user1766,user1766
user1767,user1767
user1768,user1768
user1769,user1769
user1770,user1770
user1771,user1771
user1772,user1772
user1773,user1773
user1774,user1774
user1775,user1775
user1776,user1776
user1777,user1777
user1778,user1778
user1779,user1779
user1780,user1780
user1781,user1781
user1782,user1782
user1783,user1783
user1784,user1784
user1785,user1785
user1786,user1786
user1787,user1787
user1788,user1788
user1789,user1789
user1790,user1790
user1791,user1791
user1792,user1792
user1793,user1793
user1794,user1794
user1795,user1795
user1796,user1796
user1797,user1797
user1798,user1798
user1799,user1799
user1800,user1800
user1801,user1801
user1802,user1802
user1803,user1803
user1804,user1804
user1805,user1805
user1806,user1806
user1807,user1807
user1808,user1808
user1809,user1809
user1810,user1810
user1811,user1811
user1812,user1812
user1813,user1813
user1814,user1814
user1815,user1815
user1816,user1816
user1817,user1817
user1818,user1818
user1819,user1819
user1820,user1820
user1821,user1821
user1822,user1822
user1823,user1823
user1824,user1824
user1825,user1825
user1826,user1826
user1827,user1827
user1828,user1828
user1829,user1829
user1830,user1830
user1831,user1831
user1832,user1832
user1833,user1833
user1834,user1834
user1835,user1835
user1836,user1836
user1837,user1837
user1838,user1838
user1839,user1839
user1840,user1840
user1841,user1841
user1842,user1842
user1843,user1843
user1844,user1844
user1845,user1845
user1846,user1846
user1847,user1847
user1848,user1848
user1849,user1849
user1850,user1850
user1851,user1851
user1852,user1852
user1853,user1853
user1854,user1854
user1855,user1855
user1856,user1856
user1857,user1857
user1858,user1858
user1859,user1859
user1860,user1860
user1861,user1861
user1862,user1862
user1863,user1863
user1864,user1864
user1865,user1865
user1866,user1866
user1867,user1867
user1868,user1868
user1869,user1869
user1870,user1870
user1871,user1871
user1872,user1872
user1873,user1873
user1874,user1874
user1875,user1875
user1876,user1876
user1877,user1877
user1878,user1878
user1879,user1879
user1880,user1880
user1881,user1881
user1882,user1882
user1883,user1883
user1884,user1884
user1885,user1885
user1886,user1886
user1887,user1887
user1888,user1888
user1889,user1889
user1890,user1890
user1891,user1891
user1892,user1892
user1893,user1893
user1894,user1894
user1895,user1895
user1896,user1896
user1897,user1897
user1898,user1898
user1899,user1899
user1900,user1900
user1901,user1901
user1902,user1902
user1903,user1903
user1904,user1904
user1905,user1905
user1906,user1906
user1907,user1907
user1908,user1908
user1909,user1909
user1910,user1910
user1911,user1911
user1912,user1912
user1913,user1913
user1914,user1914
user1915,user1915
user1916,user1916
user1917,user1917
user1918,user1918
user1919,user1919
user1920,user1920
user1921,user1921
user1922,user1922
user1923,user1923
user1924,user1924
user1925,user1925
user1926,user1926
user1927,user1927
user1928,user1928
user1929,user1929
user1930,user1930
user1931,user1931
user1932,user1932
user1933,user1933
user1934,user1934
user1935,user1935
user1936,user1936
user1937,user1937
user1938,user1938
user1939,user1939
user1940,user1940
user1941,user1941
user1942,user1942
user1943,user1943
user1944,user1944
user1945,user1945
user1946,user1946
user1947,user1947
user1948,user1948
user1949,user1949
user1950,user1950
user1951,user1951
user1952,user1952
user1953,user1953
user1954,user1954
user1955,user1955
user1956,user1956
user1957,user1957
user1958,user1958
user1959,user1959
user1960,user1960
user1961,user1961
user1962,user1962
user1963,user1963
user1964,user1964
user1965,user1965
user1966,user1966
user1967,user1967
user1968,user1968
user1969,user1969
user1970,user1970
user1971,user1971
user1972,user1972
user1973,user1973
user1974,user1974
user1975,user1975
user1976,user1976
user1977,user1977
user1978,user1978
user1979,user1979
user1980,user1980
user1981,user1981
user1982,user1982
user1983,user1983
user1984,user1984
user1985,user1985
user1986,user1986
user1987,user1987
user1988,user1988
user1989,user1989
user1990,user1990
user1991,user1991
user1992,user1992
user1993,user1993
user1994,user1994
user1995,user1995
user1996,user1996
user1997,user1997
user1998,user1998
user1999,user1999
user2000,user2000
